"Refs","Value","Footprint","Qty","DNP"
"C1","10uF","Capacitor_SMD:C_0805_2012Metric","1",""
"C2","0.1uF","Capacitor_SMD:C_0603_1608Metric","1",""
"C3","0.1uF","Capacitor_SMD:C_0603_1608Metric","1",""
"J1","Conn_01x03","Connector_JST:JST_XH_S4B-XH-A-1_1x04_P2.50mm_Horizontal","1",""
"J2","Conn_01x03","Connector_JST:JST_XH_S5B-XH-A-1_1x05_P2.50mm_Horizontal","1",""
"Q1","BC817-40","Package_TO_SOT_SMD:SOT-23","1",""
"Q2","BC817-40","Package_TO_SOT_SMD:SOT-23","1",""
"R1","4.7k","Resistor_SMD:R_0603_1608Metric","1",""
"R2","4.7k","Resistor_SMD:R_0603_1608Metric","1",""
"R3","4.7k","Resistor_SMD:R_0603_1608Metric","1",""
"R4","4.7k","Resistor_SMD:R_0603_1608Metric","1",""
"R5","4.7k","Resistor_SMD:R_0603_1608Metric","1",""
"U1","CH32V003J4M6","Package_SO:SOP-8_3.9x4.9mm_P1.27mm","1",""
"U2","MCP4725A0T-E/CH","Package_TO_SOT_SMD:SOT-23-6","1",""
