"Refs","Value","Footprint","Qty","DNP"
"C1","10uF","Capacitor_SMD:C_0805_2012Metric","1",""
"C2","0.1uF","Capacitor_SMD:C_0603_1608Metric","1",""
"C4","10uF","Capacitor_SMD:C_0805_2012Metric","1",""
"J1","Conn_01x03","Connector_JST:JST_PH_S4B-PH-K_1x04_P2.00mm_Horizontal","1",""
"J2","Conn_01x03","Connector_JST:JST_PH_S4B-PH-K_1x04_P2.00mm_Horizontal","1",""
"R1","4.7k","Resistor_SMD:R_0603_1608Metric","1",""
"R3","4.7k","Resistor_SMD:R_0603_1608Metric","1",""
"TP1","TestPoint","TestPoint:TestPoint_Pad_2.0x2.0mm","1",""
"U1","CH32V003J4M6","Package_SO:SOP-8_3.9x4.9mm_P1.27mm","1",""
